title,overview,genres,keywords,popularity,vote_average,poster_path
Lilo & Stitch,The wildly funny and touching story of a lonely Hawaiian girl and the fugitive alien who helps to mend her broken family.,"Family, Comedy, Science Fiction",Lilo & Stitch,679.0045,7.078,https://image.tmdb.org/t/p/w500/tUae3mefrDVTgm5mRzqWnZK6fOP.jpg
A Minecraft Movie,"Four misfits find themselves struggling with ordinary problems when they are suddenly pulled through a mysterious portal into the Overworld: a bizarre, cubic wonderland that thrives on imagination. To get back home, they'll have to master this world while embarking on a magical quest with an unexpected, expert crafter, Steve.","Family, Comedy, Adventure, Fantasy",A Minecraft Movie,415.2071,6.481,https://image.tmdb.org/t/p/w500/yFHHfHcUgGAxziP1C3lLt0q2T4s.jpg
Sikandar,A tragic accident pushes the powerful Sikandar to protect the less fortunate by standing up to corruption and greed — using any means necessary.,"Action, Drama",Sikandar,436.6307,5.194,https://image.tmdb.org/t/p/w500/t48miSSfe7COqgbgMyRIyPVTBoM.jpg
Final Destination Bloodlines,"Plagued by a violent recurring nightmare, college student Stefanie heads home to track down the one person who might be able to break the cycle and save her family from the grisly demise that inevitably awaits them all.","Horror, Mystery",Final Destination Bloodlines,337.3446,6.975,https://image.tmdb.org/t/p/w500/6WxhEvFsauuACfv8HyoVX6mZKFj.jpg
A Working Man,"Levon Cade left behind a decorated military career in the black ops to live a simple life working construction. But when his boss's daughter, who is like family to him, is taken by human traffickers, his search to bring her home uncovers a world of corruption far greater than he ever could have imagined.","Action, Crime, Thriller",A Working Man,335.3482,6.684,https://image.tmdb.org/t/p/w500/6FRFIogh3zFnVWn7Z6zcYnIbRcX.jpg
Sinners,"Trying to leave their troubled lives behind, twin brothers return to their hometown to start again, only to discover that an even greater evil is waiting to welcome them back.","Horror, Thriller",Sinners,315.5569,7.505,https://image.tmdb.org/t/p/w500/jYfMTSiFFK7ffbY2lay4zyvTkEk.jpg
Mission: Impossible - The Final Reckoning,"Ethan Hunt and team continue their search for the terrifying AI known as the Entity — which has infiltrated intelligence networks all over the globe — with the world's governments and a mysterious ghost from Hunt's past on their trail. Joined by new allies and armed with the means to shut the Entity down for good, Hunt is in a race against time to prevent the world as we know it from changing forever.","Action, Adventure, Thriller",Mission: Impossible - The Final Reckoning,272.2818,7.1,https://image.tmdb.org/t/p/w500/z53D72EAOxGRqdr7KXXWp9dJiDe.jpg
Until Dawn,"One year after her sister Melanie mysteriously disappeared, Clover and her friends head into the remote valley where she vanished in search of answers. Exploring an abandoned visitor center, they find themselves stalked by a masked killer and horrifically murdered one by one...only to wake up and find themselves back at the beginning of the same evening.","Horror, Mystery",Until Dawn,215.6081,6.477,https://image.tmdb.org/t/p/w500/juA4IWO52Fecx8lhAsxmDgy3M3.jpg
Warfare,"A platoon of Navy SEALs embarks on a dangerous mission in Ramadi, Iraq, with the chaos and brotherhood of war retold through their memories of the event.","War, Action",Warfare,173.0887,7.28,https://image.tmdb.org/t/p/w500/srj9rYrjefyWqkLc6l2xjTGeBGO.jpg
Lilo & Stitch,"As Stitch, a runaway genetic experiment from a faraway planet, wreaks havoc on the Hawaiian Islands, he becomes the mischievous adopted alien ""puppy"" of an independent little girl named Lilo and learns about loyalty, friendship, and ʻohana, the Hawaiian tradition of family.","Animation, Family, Comedy",Lilo & Stitch,165.8359,7.5,https://image.tmdb.org/t/p/w500/m13Vbzv7R2GMAl3GXFrkmMEgCFQ.jpg
Captain America: Brave New World,"After meeting with newly elected U.S. President Thaddeus Ross, Sam finds himself in the middle of an international incident. He must discover the reason behind a nefarious global plot before the true mastermind has the entire world seeing red.","Action, Thriller, Science Fiction",Captain America: Brave New World,165.3898,6.077,https://image.tmdb.org/t/p/w500/pzIddUEMWhWzfvLI3TwxUG2wGoi.jpg
The Containment,"A girl is possessed by a dark and mysterious entity. She will fight with all the elements at her disposal to get rid of it. Neither her mother, nor traditional medicine, nor a supposed expert in exorcisms, will be able to make the demon disappear, until a nun gets involved in the case and sows a doubt more terrible than the possession itself.","Horror, Mystery",The Containment,163.2106,8.4,https://image.tmdb.org/t/p/w500/nHNwBOccmQ7rK9yQI1HUSnHm1Ny.jpg
Snow White,"Following the benevolent King's disappearance, the Evil Queen dominated the once fair land with a cruel streak. Princess Snow White flees the castle when the Queen, in her jealousy over Snow White's inner beauty, tries to kill her. Deep into the dark woods, she stumbles upon seven magical dwarves and a young bandit named Jonathan. Together, they strive to survive the Queen's relentless pursuit and aspire to take back the kingdom.","Family, Fantasy",Snow White,161.1195,4.302,https://image.tmdb.org/t/p/w500/oLxWocqheC8XbXbxqJ3x422j9PW.jpg
Fear Street: Prom Queen,"Who will be voted queen at Shadyside High's 1988 prom? For underdog Lori, competition is cutthroat even before someone starts killing off the candidates.","Horror, Mystery",Fear Street: Prom Queen,132.0831,5.343,https://image.tmdb.org/t/p/w500/gevScWYkF8l5i9NjFSXo8HfPNyy.jpg
Fountain of Youth,"A treasure-hunting mastermind assembles a team for a life-changing adventure. But to outwit and outrun threats at every turn, he'll need someone even smarter than he is: his estranged sister.","Adventure, Fantasy, Mystery",Fountain of Youth,133.855,6.472,https://image.tmdb.org/t/p/w500/4iWjGghUj2uyHo2Hyw8NFBvsNGm.jpg
Tin Soldier,"An ex-special forces operative seeks revenge against a cult leader who has corrupted his former comrades, the Shinjas. This leader, known as The Bokushi, promises veterans a purpose and protection, but is revealed to be a destructive influence. The ex-soldier, Nash Cavanaugh, joins forces with military operative Emmanuel Ashburn to infiltrate the Bokushi's fortress and expose his reign of terror","Action, Thriller",Tin Soldier,141.9699,4.9,https://image.tmdb.org/t/p/w500/6HU667T8fxoIvgsgu2eyaznntsp.jpg
Panda Bear in Africa,"A young adventurous panda travels from China to Africa to rescue his best friend, Jielong the Dragon, who has been kidnapped. On his journey, he discovers a strange amazing new world of mountains, deserts and jungles.","Animation, Adventure, Comedy, Family",Panda Bear in Africa,128.3177,6.244,https://image.tmdb.org/t/p/w500/wxpu7svVqA0ALYpofQBPujGelN3.jpg
The Legend of Ochi,"In a remote village on the island of Carpathia, a shy farm girl named Yuri is raised to fear an elusive animal species known as ochi. But when Yuri discovers a wounded baby ochi has been left behind, she escapes on a quest to bring him home.","Family, Fantasy, Adventure",The Legend of Ochi,121.432,6.282,https://image.tmdb.org/t/p/w500/wVujUVvY4qvKARAslItQ4ARKqtz.jpg
Exterritorial,"When her son vanishes inside a US consulate, ex-special forces soldier Sara does everything in her power to find him — and uncovers a dark conspiracy.","Thriller, Action",Exterritorial,127.0369,6.749,https://image.tmdb.org/t/p/w500/jM2uqCZNKbiyStyzXOERpMqAbdx.jpg
Rosario,"Wall Street stockbroker Rosario Fuentes returns to her grandmother's apartment after her sudden death. While sorting through her belongings, Rosario discovers a hidden chamber that's filled with occult artifacts tied to dark generational rituals. As supernatural occurrences begin to plague her, she must confront her family's buried secrets and face the truth about the sacrifices and choices they made.",Horror,Rosario,117.2524,5.103,https://image.tmdb.org/t/p/w500/beLZhuHT97849WkWgty2X1hkWUa.jpg
Thunderbolts*,"After finding themselves ensnared in a death trap, seven disillusioned castoffs must embark on a dangerous mission that will force them to confront the darkest corners of their pasts.","Action, Science Fiction, Adventure",Thunderbolts*,125.9256,7.4,https://image.tmdb.org/t/p/w500/m9EtP1Yrzv6v7dMaC9mRaGhd1um.jpg
Mountainhead,A group of billionaire friends get together against the backdrop of a rolling international crisis.,"Drama, Comedy",Mountainhead,133.7344,5.9,https://image.tmdb.org/t/p/w500/jZKK5mFKWbquxhAGMkRJtNYwk0I.jpg
In the Lost Lands,"A queen sends the powerful and feared sorceress Gray Alys to the ghostly wilderness of the Lost Lands in search of a magical power, where she and her guide, the drifter Boyce, must outwit and outfight both man and demon.","Action, Fantasy, Adventure",In the Lost Lands,123.1075,6.359,https://image.tmdb.org/t/p/w500/dDlfjR7gllmr8HTeN6rfrYhTdwX.jpg
Brave Citizen,"An expelled boxing champion, who now is a high-school teacher, witnesses intolerable violence and throws her first punch to build justice against it, while putting on a mask.","Action, Drama, Comedy",Brave Citizen,114.1749,6.8,https://image.tmdb.org/t/p/w500/zR9j2auEEQIaBbi7uTIFtDChmmA.jpg
Last Bullet,Car genius Lino returns to conclude his vendetta against Areski and the corrupt commander who ruined their lives in this turbo-charged trilogy finale.,"Action, Crime, Thriller, Drama",Last Bullet,109.5954,6.704,https://image.tmdb.org/t/p/w500/qycPITRqXgPai7zj1gKffjCdSB5.jpg
The Great Escape,,"Action, Thriller",The Great Escape,101.1664,5.7,https://image.tmdb.org/t/p/w500/h7shL668vhC2wsZQSBWzxkMuZ8K.jpg
Moana 2,"After receiving an unexpected call from her wayfinding ancestors, Moana journeys alongside Maui and a new crew to the far seas of Oceania and into dangerous, long-lost waters for an adventure unlike anything she's ever faced.","Animation, Adventure, Family, Comedy",Moana 2,111.1288,7.08,https://image.tmdb.org/t/p/w500/aLVkiINlIeCkcZIzb7XHzPYgO6L.jpg
Graduation Trip: Mallorca,"2021. After spending a year in confinement, a group of high school students and their two teachers begin an end-of-year trip to Mallorca. This great plan is the last opportunity they have to all be together, make up for lost time, be able to have fun like they have never had before and say goodbye to this crazy stage of their lives. However, a new coronavirus outbreak disrupts all their plans and forces them to stay locked in their hotel rooms. More than 50 students, 2 teachers, a hotel and many, many minibars... What could go wrong?",Comedy,Graduation Trip: Mallorca,112.5611,5.765,https://image.tmdb.org/t/p/w500/ejYX4ygRoupGRjFgmmtnK0sMxhN.jpg
A Widow's Game,"When a man is found dead, the investigation shatters his widow's perfect facade and exposes a hidden double life in this thriller based on real events.","Thriller, Mystery",A Widow's Game,124.43,6.259,https://image.tmdb.org/t/p/w500/yZOdrJDl2GwREoigC0y40kMosxj.jpg
Abduct,"A woman's peaceful mountain getaway takes a bizarre turn when her boyfriend disappears, and a random naked man shows up claiming to be him.",Horror,Abduct,87.6202,4.6,https://image.tmdb.org/t/p/w500/2ZTp5eQ8C8W70rvXCkbdHQW0sM9.jpg
Havoc,"When a drug heist swerves lethally out of control, a jaded cop fights his way through a corrupt city's criminal underworld to save a politician's son.","Action, Crime, Thriller",Havoc,99.8557,6.51,https://image.tmdb.org/t/p/w500/ubP2OsF3GlfqYPvXyLw9d78djGX.jpg
Karate Kid: Legends,"After a family tragedy, kung fu prodigy Li Fong is uprooted from his home in Beijing and forced to move to New York City with his mother. When a new friend needs his help, Li enters a karate competition – but his skills alone aren't enough. Li's kung fu teacher Mr. Han enlists original Karate Kid Daniel LaRusso for help, and Li learns a new way to fight, merging their two styles into one for the ultimate martial arts showdown.","Action, Adventure, Drama",Karate Kid: Legends,106.1131,7.2,https://image.tmdb.org/t/p/w500/ckI6bmQDvvGy20FPTIW1kfGKGRK.jpg
Laila,"Sonu Model, a renowned beautician from the old city, is forced to disguise himself as Laila, leading to a series of comedic, romantic, and action-packed events. Chaos ensues in this hilarious laugh riot","Comedy, Romance",Laila,95.3135,5.0,https://image.tmdb.org/t/p/w500/l4gsNxFPGpzbq0D6QK1a8vO1lBz.jpg
Bambi: A Life in the Woods,"The life of Bambi, a male roe deer, from his birth through childhood, the loss of his mother, the finding of a mate, the lessons he learns from his father, and the experience he gains about the dangers posed by human hunters in the forest.","Adventure, Family, Documentary",Bambi: A Life in the Woods,87.9943,5.9,https://image.tmdb.org/t/p/w500/vWNVHtwOhcoOEUSrY1iHRGbgH8O.jpg
Rust,"Infamous outlaw Harland Rust breaks his estranged grandson Lucas out of prison, after Lucas is convicted to hang for an accidental murder. The two must outrun legendary U.S Marshal Wood Helm and bounty hunter Fenton ""Preacher"" Lang who are hot on their tails. Deeply buried secrets rise from the ashes and an unexpected familial bond begins to form as the mismatched duo tries to survive the merciless American Frontier.",Western,Rust,87.5967,6.4,https://image.tmdb.org/t/p/w500/tbJ3RkA2s6X5qrBzrYHYTxvDBui.jpg
Lost in Starlight,"When an astronaut leaves Earth for Mars, the vast infinite space divides star-crossed lovers in this animated romance that crosses the cosmos.","Animation, Romance, Science Fiction",Lost in Starlight,87.8623,7.342,https://image.tmdb.org/t/p/w500/dXlUIfwejWa9YvugU9V773dUASY.jpg
Jewel Thief - The Heist Begins,"In this high-octane battle of wits and wills, ingenious con artist Rehan devises a diamond heist while trying to outsmart Rajan, his sadistic adversary.","Action, Thriller",Jewel Thief - The Heist Begins,75.4564,6.773,https://image.tmdb.org/t/p/w500/eujLbO0kf1eqWC8XpHUJdtAVW2J.jpg
Mufasa: The Lion King,"Mufasa, a cub lost and alone, meets a sympathetic lion named Taka, the heir to a royal bloodline. The chance meeting sets in motion an expansive journey of a group of misfits searching for their destiny.","Adventure, Family, Animation",Mufasa: The Lion King,84.7613,7.398,https://image.tmdb.org/t/p/w500/lurEK87kukWNaHd0zYnsi3yzJrs.jpg
Anora,"A young sex worker from Brooklyn gets her chance at a Cinderella story when she meets and impulsively marries the son of an oligarch. Once the news reaches Russia, her fairytale is threatened as his parents set out to get the marriage annulled.","Drama, Comedy, Romance",Anora,77.3349,7.054,https://image.tmdb.org/t/p/w500/7MrgIUeq0DD2iF7GR6wqJfYZNeC.jpg
Lilo & Stitch 2: Stitch Has a Glitch,"Now, we find the rowdy extraterrestrial getting used to life with his new ʻohana. However, a malfunction in the ultimate creation of Dr. Jumba soon emerges, which reinstates his destructive programming and threatens to both ruin his friendship with Lilo and to short him out for good!","Animation, Family, Comedy, Science Fiction",Lilo & Stitch 2: Stitch Has a Glitch,73.5879,6.668,https://image.tmdb.org/t/p/w500/p2R4mhZcikWEBlqv80VfJ7M9xql.jpg
Sonic the Hedgehog 3,"Sonic, Knuckles, and Tails reunite against a powerful new adversary, Shadow, a mysterious villain with powers unlike anything they have faced before. With their abilities outmatched in every way, Team Sonic must seek out an unlikely alliance in hopes of stopping Shadow and protecting the planet.","Action, Science Fiction, Comedy, Family",Sonic the Hedgehog 3,83.9892,7.717,https://image.tmdb.org/t/p/w500/d8Ryb8AunYAuycVKDp5HpdWPKgC.jpg
The Haunting at Saint Joseph's,"An engaged Muslim doctor, her fiancé, and their friends go on a holiday at St. Joseph’s Guesthouse, unaware that it was the site of a sacrifice of an innocent centuries before. They soon come to believe that it's haunted and causing them to go crazy, as their emotions spiral out of control.","Horror, Thriller",The Haunting at Saint Joseph's,67.9184,4.5,https://image.tmdb.org/t/p/w500/eDzQFxs0KTzHUPkIR0c44TSGJUR.jpg
Conjuring the Cult,"After discovering his blood-soaked daughter dead in the bathtub, David Bryson attends a self-help group to help save him from his ghostly nightmares. But when a group of mysterious cult-like women offer to help him resurrect his daughter. David's choices will not just decide his fate... but the fate of his dead daughter's SOUL.","Horror, Drama",Conjuring the Cult,65.6618,5.483,https://image.tmdb.org/t/p/w500/t4MiAeYpjL7saYvqvcn9xtOfA4K.jpg
Mission: Impossible - Dead Reckoning Part One,"Ethan Hunt and his IMF team embark on their most dangerous mission yet: To track down a terrifying new weapon that threatens all of humanity before it falls into the wrong hands. With control of the future and the world's fate at stake and dark forces from Ethan's past closing in, a deadly race around the globe begins. Confronted by a mysterious, all-powerful enemy, Ethan must consider that nothing can matter more than his mission—not even the lives of those he cares about most.","Action, Adventure, Thriller",Mission: Impossible - Dead Reckoning Part One,66.4032,7.532,https://image.tmdb.org/t/p/w500/NNxYkU70HPurnNCSiCjYAmacwm.jpg
Stepmom's Desire,"Sang-jin, who was envious of her neighbor after getting a beautiful wife, Ask your wife's friend Gian to take over the son's extracurricular teacher, Sang-jin, who left work early, accidentally sees Gian's shower. A man who wants to have sex with his son's tutor, And a son who wants to have a good time with a young stepmom, Ji-an and Jin-hee, who want money, are disappointed with her husband, and Bin-jin gives her body to a young son.","Drama, Romance",Stepmom's Desire,68.9331,7.0,https://image.tmdb.org/t/p/w500/rYC6UyML4CU4zYiZVbDMrwnGyWW.jpg
Novocaine,"When the girl of his dreams is kidnapped, everyman Nate turns his inability to feel pain into an unexpected strength in his fight to get her back.","Action, Comedy, Thriller",Novocaine,64.1346,6.901,https://image.tmdb.org/t/p/w500/xmMHGz9dVRaMY6rRAlEX4W0Wdhm.jpg
The Monkey,"When twin brothers find a mysterious wind-up monkey, a series of outrageous deaths tear their family apart. Twenty-five years later, the monkey begins a new killing spree forcing the estranged brothers to confront the cursed toy.","Horror, Comedy",The Monkey,59.1165,5.913,https://image.tmdb.org/t/p/w500/yYa8Onk9ow7ukcnfp2QWVvjWYel.jpg
My Fault,"Noah must leave her city, boyfriend, and friends to move into William Leister's mansion, the flashy and wealthy husband of her mother Rafaela. As a proud and independent 17 year old, Noah resists living in a mansion surrounded by luxury. However, it is there where she meets Nick, her new stepbrother, and the clash of their strong personalities becomes evident from the very beginning.","Romance, Drama",My Fault,64.1558,7.803,https://image.tmdb.org/t/p/w500/w46Vw536HwNnEzOa7J24YH9DPRS.jpg
Sex Education Mistresses,"An erotic comedy depicting the sex adventures of  young wives living in an apartment complex, that are not satisfied with just having sex with their husbands.",Comedy,Sex Education Mistresses,64.135,5.9,https://image.tmdb.org/t/p/w500/xghWMg0pkBOdLHCTESyeyHU68wl.jpg
Norbert,"Norbert an incompetent spy from a sad, bureaucratic and grey nation will become a key player to thwart the plans of his own government, in an exciting quest that will see him travel alongside strange companions.","Animation, Adventure, Comedy",Norbert,50.5458,5.875,https://image.tmdb.org/t/p/w500/9kUC13Ssxfjlc8leD7QpELCDlDU.jpg
Death of a Unicorn,"A father and daughter accidentally hit and kill a unicorn while en route to a weekend retreat, where his billionaire boss seeks to exploit the creature’s miraculous curative properties.","Horror, Fantasy, Comedy",Death of a Unicorn,59.2978,6.444,https://image.tmdb.org/t/p/w500/lXR32JepFwD1UHkplWqtBP1K79z.jpg
Final Destination,"After a teenager has a terrifying vision of him and his friends dying in a plane crash, he prevents the accident only to have Death hunt them down, one by one.",Horror,Final Destination,58.6296,6.619,https://image.tmdb.org/t/p/w500/1mXhlQMnlfvJ2frxTjZSQNnA9Vp.jpg
The Gorge,"Two highly trained operatives grow close from a distance after being sent to guard opposite sides of a mysterious gorge. When an evil below emerges, they must work together to survive what lies within.","Romance, Science Fiction, Thriller",The Gorge,57.7425,7.707,https://image.tmdb.org/t/p/w500/7iMBZzVZtG0oBug4TfqDb9ZxAOa.jpg
My Massive Cock,"An extra-large penis is an object of desire for many. But for some men, extra-large seriously complicates their lives and relationships, and penis reduction surgery seems the only answer.",Documentary,My Massive Cock,59.1755,5.75,https://image.tmdb.org/t/p/w500/9JQHViS8uugeWKfFsnEj3xTB2dZ.jpg
Rich Flu,"A strange disease kills off some of the richest and most influential people on the planet. First it was the billionaires, then the multi-millionaires and so on progressively... Then it threatens to strike anyone with any sort of fortune. With the whole world panicking, people try to flood the market with assets the world no longer wants.",Thriller,Rich Flu,56.3036,5.217,https://image.tmdb.org/t/p/w500/fKmn4SrS41loy8gMzyxups69Xof.jpg
Desert Dawn,A newly appointed small-town sheriff and his begrudging deputy get tangled up in a web of lies and corruption involving shady businessmen and the cartel while investigating the murder of a mysterious woman.,"Action, Crime, Mystery, Thriller",Desert Dawn,54.8236,7.5,https://image.tmdb.org/t/p/w500/S21BfLrJSD9njucBfY3CKqp8rD.jpg
Final Destination 5,"Death is just as omnipresent as ever, and is unleashed after one man’s premonition saves a group of coworkers from a terrifying suspension bridge collapse. But this group of unsuspecting souls was never supposed to survive, and, in a terrifying race against time, the ill-fated group frantically tries to discover a way to escape Death’s sinister agenda.","Horror, Mystery",Final Destination 5,54.7003,6.132,https://image.tmdb.org/t/p/w500/5uRF7zATPr0hIMfDcMEfnhMGw6a.jpg
Flight Risk,"A U.S. Marshal escorts a government witness to trial after he's accused of getting involved with a mob boss, only to discover that the pilot who is transporting them is also a hitman sent to assassinate the informant. After they subdue him, they're forced to fly together after discovering that there are others attempting to eliminate them.","Action, Thriller",Flight Risk,54.5328,6.101,https://image.tmdb.org/t/p/w500/q0bCG4NX32iIEsRFZqRtuvzNCyZ.jpg
xXx,"Xander Cage is your standard adrenaline junkie with no fear and a lousy attitude. When the US Government ""recruits"" him to go on a mission, he's not exactly thrilled. His mission: to gather information on an organization that may just be planning the destruction of the world, led by the nihilistic Yorgi.","Action, Adventure, Thriller, Crime",xXx,55.2743,5.942,https://image.tmdb.org/t/p/w500/xeEw3eLeSFmJgXZzmF2Efww0q3s.jpg
The Wild Robot,"After a shipwreck, an intelligent robot called Roz is stranded on an uninhabited island. To survive the harsh environment, Roz bonds with the island's animals and cares for an orphaned baby goose.","Animation, Science Fiction, Family",The Wild Robot,51.4391,8.313,https://image.tmdb.org/t/p/w500/wTnV3PCVW5O92JMrFvvrRcV39RU.jpg
Despicable Me 4,"Gru and Lucy and their girls—Margo, Edith and Agnes—welcome a new member to the Gru family, Gru Jr., who is intent on tormenting his dad. Gru also faces a new nemesis in Maxime Le Mal and his femme fatale girlfriend Valentina, forcing the family to go on the run.","Animation, Family, Comedy, Science Fiction",Despicable Me 4,58.3322,7.041,https://image.tmdb.org/t/p/w500/wWba3TaojhK7NdycRhoQpsG0FaH.jpg
Venom: The Last Dance,"Eddie and Venom are on the run. Hunted by both of their worlds and with the net closing in, the duo are forced into a devastating decision that will bring the curtains down on Venom and Eddie's last dance.","Action, Science Fiction, Adventure",Venom: The Last Dance,55.7545,6.731,https://image.tmdb.org/t/p/w500/vGXptEdgZIhPg3cGlc7e8sNPC2e.jpg
Day of Reckoning,"Put-upon lawman John Dorsey is on the verge of losing his wife and his job as sheriff, so he posses up with bullish U.S. Marshall Butch Hayden to hold outlaw Emily Rusk hostage. A battle of wills ensues as Emily turns the posse on themselves, but as her marauding husband and his gang approach, Emily and John realize they will need each other to survive.","Western, Action",Day of Reckoning,51.3384,6.389,https://image.tmdb.org/t/p/w500/cVSjSQryFUERYSdOmdgJ2m0eBte.jpg
The Alcove,"In 1936 Italy, Elio returns home from Africa with a present for his wife in the form of Zerbal, the daughter of a tribal king. Unbeknown to him, his neglected wife Alessandra has formed a relationship with Elio’s otherwise frigid secretary Velma who is less than pleased at Elio’s return.","Drama, Romance, Thriller",The Alcove,53.2574,5.2,https://image.tmdb.org/t/p/w500/ipFdgjiF3wsDB8NdoLxloFEeHYl.jpg
Deadpool & Wolverine,"A listless Wade Wilson toils away in civilian life with his days as the morally flexible mercenary, Deadpool, behind him. But when his homeworld faces an existential threat, Wade must reluctantly suit-up again with an even more reluctant Wolverine.","Action, Comedy, Science Fiction",Deadpool & Wolverine,54.4701,7.595,https://image.tmdb.org/t/p/w500/8cdWjvZQUExUUTzyp4t6EDMubfO.jpg
The Ugly Stepsister,"In a fairy-tale kingdom where beauty is a brutal business, Elvira battles to compete with her incredibly beautiful stepsister, and she will go to any length to catch the prince’s eye.","Horror, Comedy, Fantasy, Drama",The Ugly Stepsister,100.702,7.038,https://image.tmdb.org/t/p/w500/crX9rSg9EohybhkEe8iTQUCe55y.jpg
Holy Night: Demon Hunters,"When a devil-worshipping criminal network plunges Seoul into chaos, the police turn to Holy Night—a trio of supernatural demon hunters—to restore order and defeat the rising evil.","Action, Fantasy, Horror",Holy Night: Demon Hunters,53.8513,5.95,https://image.tmdb.org/t/p/w500/v3Mo77Qjp6pctpD4eJaNT6kFRSB.jpg
The Siege,"International assassin Walker is compromised during a mission and sent to a reassignment center for a new identity. During his stay at the facility, a ruthless assault team storms the compound searching for someone their boss has lost. Walker begrudgingly falls in with skilled hitwoman Elda and her mysterious ward Juliet in order to survive the night.","Action, Thriller",The Siege,49.8688,5.443,https://image.tmdb.org/t/p/w500/hVh4hMzkXNLnScudbid6hDvjMPk.jpg
Saint Catherine,An orphaned girl is rescued from a satanic ritual and taken to Saint Catherine Institute for homeless youth. There she will learn new skills while facing demons that stalk her.,Horror,Saint Catherine,47.5525,6.7,https://image.tmdb.org/t/p/w500/hBJdzKPeDaC96AzlrtMWBomYSZV.jpg
"¡Qué Huevos, Sofía!","Sofia gives everything for the company where she works, but the position she was promised is given to the owner's niece. She and other colleagues, tired of working for an unbearable boss, quit to start their own bakery. What they did not consider is that their ex-boss will not rest until he sees them fail.",Comedy,"¡Qué Huevos, Sofía!",42.382,8.739,https://image.tmdb.org/t/p/w500/hhfWpdNmPwU1VV7zhNA1nOMbHkH.jpg
G20,"After the G20 Summit is overtaken by terrorists, President Danielle Sutton must bring all her statecraft and military experience to defend her family and her fellow leaders.","Action, Mystery, Drama",G20,51.3288,6.565,https://image.tmdb.org/t/p/w500/wv6oWAleCJZUk5htrGg413t3GCy.jpg
Bullet Train Explosion,"When panic erupts on a Tokyo-bound bullet train that will explode if it slows below 100 kph, authorities race against time to save everyone on board.","Action, Thriller, Crime, Drama",Bullet Train Explosion,48.9615,6.911,https://image.tmdb.org/t/p/w500/jmzxlDBwgvRbpPJzNQwizyn9UEn.jpg
Devara: Part 1,"Devara, a fearless man from a coastal region, embarks on a perilous journey into the treacherous world of the sea to safeguard the lives of his people. Unbeknownst to him, his brother Bhaira is plotting a conspiracy against him. As events unfold, Devara passes on his legacy to his mild-mannered and timid son, Varada.","Action, Drama",Devara: Part 1,47.8949,6.959,https://image.tmdb.org/t/p/w500/1105WNYals12Va2f4F3VeBZdcWX.jpg
Inside Out 2,"Teenager Riley's mind headquarters is undergoing a sudden demolition to make room for something entirely unexpected: new Emotions! Joy, Sadness, Anger, Fear and Disgust, who’ve long been running a successful operation by all accounts, aren’t sure how to feel when Anxiety shows up. And it looks like she’s not alone.","Animation, Adventure, Comedy, Family",Inside Out 2,46.8393,7.554,https://image.tmdb.org/t/p/w500/vpnVM9B6NMmQpWeZvzLvDESb2QY.jpg
Alien,"During its return to the earth, commercial spaceship Nostromo intercepts a distress signal from a distant planet. When a three-member team of the crew discovers a chamber containing thousands of eggs on the planet, a creature inside one of the eggs attacks an explorer. The entire crew is unaware of the impending nightmare set to descend upon them when the alien parasite planted inside its unfortunate host is birthed.","Horror, Science Fiction",Alien,46.1377,8.163,https://image.tmdb.org/t/p/w500/vfrQk5IPloGg1v9Rzbh2Eg3VGyM.jpg
Lulu Is a Rhinoceros,"On a quest to spread kindness, fun-loving Lulu embarks on the adventure of a lifetime, powered by new friends, courage, and catchy songs!","Animation, Family",Lulu Is a Rhinoceros,46.72,9.0,https://image.tmdb.org/t/p/w500/h6cxDZb5JRzaMZP37AfGPlHfCnm.jpg
Kung Fu Panda 4,"Po is gearing up to become the spiritual leader of his Valley of Peace, but also needs someone to take his place as Dragon Warrior. As such, he will train a new kung fu practitioner for the spot and will encounter a villain called the Chameleon who conjures villains from the past.","Animation, Family, Action, Comedy, Adventure, Fantasy",Kung Fu Panda 4,44.2995,7.06,https://image.tmdb.org/t/p/w500/nqXsAaQsKw2gKpkfhIgjXNDRqg7.jpg
How to Train Your Dragon,"On the rugged isle of Berk, where Vikings and dragons have been bitter enemies for generations, Hiccup stands apart, defying centuries of tradition when he befriends Toothless, a feared Night Fury dragon. Their unlikely bond reveals the true nature of dragons, challenging the very foundations of Viking society.","Action, Family, Fantasy",How to Train Your Dragon,53.9594,9.0,https://image.tmdb.org/t/p/w500/47HoQdGvW4Jy4ntUbsQ3bEnJHDh.jpg
Dunkirk,"The story of the miraculous evacuation of Allied soldiers from Belgium, Britain, Canada and France, who were cut off and surrounded by the German army from the beaches and harbour of Dunkirk between May 26th and June 4th 1940 during World War II.","War, Action, Drama",Dunkirk,44.6564,7.45,https://image.tmdb.org/t/p/w500/b4Oe15CGLL61Ped0RAS9JpqdmCt.jpg
Van Gogh by Vincent,"In a career that lasted only ten years, Vincent Van Gogh painted one subject more than any other: himself. This is the story of Vincent told using eight of his most iconic self-portraits.",Documentary,Van Gogh by Vincent,42.3526,6.0,https://image.tmdb.org/t/p/w500/z73X4WKZghBh5fri31o8P6vBEB2.jpg
The Substance,"A fading celebrity decides to use a black market drug, a cell-replicating substance that temporarily creates a younger, better version of herself.","Horror, Science Fiction",The Substance,47.2046,7.1,https://image.tmdb.org/t/p/w500/lqoMzCcZYEFK729d6qzt349fB4o.jpg
From the World of John Wick: Ballerina,"Taking place during the events of John Wick: Chapter 3 – Parabellum, Eve Macarro begins her training in the assassin traditions of the Ruska Roma.","Action, Thriller, Crime",From the World of John Wick: Ballerina,58.7102,8.3,https://image.tmdb.org/t/p/w500/mKp4euM5Cv3m2U1Vmby3OGwcD5y.jpg
Leroy & Stitch,"Lilo, Stitch, Jumba, and Pleakley have finally caught all of Jumba's genetic experiments and found the one true place where each of them belongs. Stitch, Jumba and Pleakley are offered positions in the Galactic Alliance, turning them down so they can stay on Earth with Lilo, but Lilo realizes her alien friends have places where they belong – and it's finally time to say ""aloha"".","Animation, Comedy, Family, TV Movie",Leroy & Stitch,42.2818,6.557,https://image.tmdb.org/t/p/w500/8ddTcTllI5U1Gq2EvGYE2CBprOS.jpg
Gladiator II,"Years after witnessing the death of the revered hero Maximus at the hands of his uncle, Lucius is forced to enter the Colosseum after his home is conquered by the tyrannical Emperors who now lead Rome with an iron fist. With rage in his heart and the future of the Empire at stake, Lucius must look to his past to find strength and honor to return the glory of Rome to its people.","Action, Adventure, Drama",Gladiator II,44.7098,6.728,https://image.tmdb.org/t/p/w500/2cxhvwyEwRlysAmRH4iodkvo0z5.jpg
The Party's Over,"Illegally arriving in Spain, young Senegalese immigrant Bilal evades the police and finds refuge in an Andalusian manor house. Discovered separately by the capricious lady of the house, Carmina, and the maid, Lupe, Bilal's sanctuary turns into a perilous prison.",Comedy,The Party's Over,40.1388,6.0,https://image.tmdb.org/t/p/w500/jqfTVbZ23Uv9hV2bu6dth13bHnS.jpg
Flow,"A solitary cat, displaced by a great flood, finds refuge on a boat with various species and must navigate the challenges of adapting to a transformed world together.","Animation, Fantasy, Adventure",Flow,42.8565,8.2,https://image.tmdb.org/t/p/w500/imKSymKBK7o73sajciEmndJoVkR.jpg
Your Fault,The love between Noah and Nick seems unwavering despite their parents' attempts to separate them. But his job and her entry into college open up their lives to new relationships that will shake the foundations of both their relationship and the Leister family itself.,"Romance, Drama",Your Fault,46.9857,7.138,https://image.tmdb.org/t/p/w500/1sQA7lfcF9yUyoLYC0e6Zo3jmxE.jpg
Amaran,"A heroic true story of Major Mukund Varadarajan, an Indian Army officer who displayed extraordinary bravery during a counterterrorism mission in Kashmir’s Shopian district. The film captures his courage in protecting his nation and the devotion of his wife Indhu Rebecaa Varghese.","Action, Drama, Adventure, War",Amaran,44.0801,7.4,https://image.tmdb.org/t/p/w500/eCB06m1KUGilEOlIzb40nkQhVY0.jpg
Sharp Corner,A dedicated family man becomes obsessed with saving the lives of the car accident victims on the sharp corner in front of his house – an obsession that could cost him everything.,"Thriller, Comedy",Sharp Corner,39.7942,6.1,https://image.tmdb.org/t/p/w500/hPK7H70vQVpT3qn9zedKqizXVdx.jpg
Mickey 17,"Unlikely hero Mickey Barnes finds himself in the extraordinary circumstance of working for an employer who demands the ultimate commitment to the job… to die, for a living.","Science Fiction, Comedy, Adventure",Mickey 17,43.5659,6.9,https://image.tmdb.org/t/p/w500/edKpE9B5qN3e559OuMCLZdW1iBZ.jpg
Kraven the Hunter,"Kraven Kravinoff's complex relationship with his ruthless gangster father, Nikolai, starts him down a path of vengeance with brutal consequences, motivating him to become not only the greatest hunter in the world, but also one of its most feared.","Action, Adventure, Thriller",Kraven the Hunter,45.0585,6.556,https://image.tmdb.org/t/p/w500/1GvBhRxY6MELDfxFrete6BNhBB5.jpg
Mission: Impossible,"When Ethan Hunt, the leader of a crack espionage team whose perilous operation has gone awry with no explanation, discovers that a mole has penetrated the CIA, he's surprised to learn that he's the prime suspect. To clear his name, Hunt now must ferret out the real double agent and, in the process, even the score.","Adventure, Action, Thriller",Mission: Impossible,44.6124,6.999,https://image.tmdb.org/t/p/w500/l5uxY5m5OInWpcExIpKG6AR3rgL.jpg
The Accountant²,"When an old acquaintance is murdered, Wolff is compelled to solve the case. Realizing more extreme measures are necessary, Wolff recruits his estranged and highly lethal brother, Brax, to help. In partnership with Marybeth Medina, they uncover a deadly conspiracy, becoming targets of a ruthless network of killers who will stop at nothing to keep their secrets buried.","Crime, Thriller, Action",The Accountant²,46.5412,7.061,https://image.tmdb.org/t/p/w500/kMDUS7VmFhb2coRfVBoGLR8ADBt.jpg
Ask Me What You Want,"After his father's death, Eric Zimmerman travels to Spain to oversee his company's branches. In Madrid, he falls for Judith and engage in an intense, erotic relationship full of exploration. However, Eric fears his secret may end their affair.","Romance, Drama",Ask Me What You Want,41.9281,6.174,https://image.tmdb.org/t/p/w500/k82T5L1utX1G2LhNWeza9nGUKPk.jpg
Victoria,"Victoria, a young beautician in a suburban beauty parlour, decides to elope with her Hindu boyfriend after a fierce clash with her conservative Catholic parents. Amidst the turmoil, a neighbour asks her to temporarily house an offering rooster destined for a festival at St. George church inside the parlour. Juggling the rooster's antics, unexpected clients, and her boyfriend's uncertainty, Victoria grapples with conflicting emotions leading to a day of intense personal and spiritual revelations.",Drama,Victoria,44.2711,5.0,https://image.tmdb.org/t/p/w500/hw09PdM2o7pF1zxn1pM8NTMPzno.jpg
Beating Hearts,"Local rebellious teenager Clotaire falls for his schoolmate Jackie, but gang violence leads him to a darker destructive path. After years apart, the star-crossed lovers discover that every path they've taken leads them back together.","Crime, Drama, Romance",Beating Hearts,37.7885,7.227,https://image.tmdb.org/t/p/w500/yu9dRyKcUHTfKcqsomUtpord4t3.jpg
Avengers: Infinity War,"As the Avengers and their allies have continued to protect the world from threats too large for any one hero to handle, a new danger has emerged from the cosmic shadows: Thanos. A despot of intergalactic infamy, his goal is to collect all six Infinity Stones, artifacts of unimaginable power, and use them to inflict his twisted will on all of reality. Everything the Avengers have fought for has led up to this moment - the fate of Earth and existence itself has never been more uncertain.","Adventure, Action, Science Fiction",Avengers: Infinity War,39.8085,8.2,https://image.tmdb.org/t/p/w500/7WsyChQLEftFiDOVTGkv3hFpyyt.jpg
Detective Chirp & the Golden Beehive,"Residents of Honey Valley are getting ready for their favorite holiday - City Day, when all citizens have the opportunity to admire a unique artifact - the Golden Hive. According to legend, it was found by the founders of Honey Valley, and legend has it that thousands of misfortunes will fall upon the town if the Hive disappears. On the eve of the holiday, the Beehive is kidnapped. The squirrel Chink, Sophie's owl detective's assistant, is blamed for this. Chink and his friends have to unravel the case, find the real crook and return not only the Golden Hive, but also peace to the Valley.","Animation, Comedy, Mystery, Adventure, Family",Detective Chirp & the Golden Beehive,34.1065,8.75,https://image.tmdb.org/t/p/w500/oxCPceQ4exEuxU3vfRl8doWyqj8.jpg
Final Destination 2,"When Kimberly has a violent premonition of a highway pileup she blocks the freeway, keeping a few others meant to die, safe...Or are they? The survivors mysteriously start dying and it's up to Kimberly to stop it before she's next.","Horror, Mystery",Final Destination 2,38.4887,6.278,https://image.tmdb.org/t/p/w500/dg6Tf98InieJSClSKQJTQevYWmB.jpg
The Woman in the Yard,"In the aftermath of her husband's death, widow Ramona's struggle to raise her two kids is hindered by the arrival of a mysterious woman with supernatural abilities.","Horror, Mystery",The Woman in the Yard,38.4689,6.222,https://image.tmdb.org/t/p/w500/n0WS2TsNcS6dtaZKzxipyO7LuCJ.jpg
Demon City,"Framed for his family's murder and left for dead, an ex-hitman will stop at nothing to exact revenge on the masked ""demons"" who have taken over his city.","Action, Crime, Fantasy, Thriller",Demon City,39.4003,7.0,https://image.tmdb.org/t/p/w500/g5PqsFFrayyRL1Ldgib2lMYuJXg.jpg
The Godfather,"Spanning the years 1945 to 1955, a chronicle of the fictional Italian-American Corleone crime family. When organized crime family patriarch, Vito Corleone barely survives an attempt on his life, his youngest son, Michael steps in to take care of the would-be killers, launching a campaign of bloody revenge.","Drama, Crime",The Godfather,38.8225,8.686,https://image.tmdb.org/t/p/w500/3bhkrj58Vtu7enYsRolD1fZdja1.jpg
Black Widow,"Natasha Romanoff, also known as Black Widow, confronts the darker parts of her ledger when a dangerous conspiracy with ties to her past arises. Pursued by a force that will stop at nothing to bring her down, Natasha must deal with her history as a spy and the broken relationships left in her wake long before she became an Avenger.","Action, Adventure, Science Fiction",Black Widow,38.474,7.207,https://image.tmdb.org/t/p/w500/qAZ0pzat24kLdO3o8ejmbLxyOac.jpg
The Avengers,"When an unexpected enemy emerges and threatens global safety and security, Nick Fury, director of the international peacekeeping agency known as S.H.I.E.L.D., finds himself in need of a team to pull the world back from the brink of disaster. Spanning the globe, a daring recruitment effort begins!","Science Fiction, Action, Adventure",The Avengers,38.3792,7.755,https://image.tmdb.org/t/p/w500/RYMX2wcKCBAr24UyPD7xwmjaTn.jpg
Panda Plan,"International action star Jackie Chan is invited to the adoption ceremony of a rare baby panda, but after an international crime syndicate attempts to kidnap the bear, Jackie has to save the bear using his stunt work skills.","Action, Comedy",Panda Plan,38.2523,6.861,https://image.tmdb.org/t/p/w500/8iMPQl13q89jQhaA5nXb6UiT0t0.jpg
Harry Potter and the Philosopher's Stone,"Harry Potter has lived under the stairs at his aunt and uncle's house his whole life. But on his 11th birthday, he learns he's a powerful wizard—with a place waiting for him at the Hogwarts School of Witchcraft and Wizardry. As he learns to harness his newfound powers with the help of the school's kindly headmaster, Harry uncovers the truth about his parents' deaths—and about the villain who's to blame.","Adventure, Fantasy",Harry Potter and the Philosopher's Stone,38.2416,7.901,https://image.tmdb.org/t/p/w500/wuMc08IPKEatf9rnMNXvIDxqP4W.jpg
Stream,"Craven, a streamer with thousands of followers on a live streaming platform, has prepared a very special stream for Halloween. What no one expects when reacting to a video of Pentagram, a group of young paranormal investigators, is that the live experience will turn into the worst night of their lives. And maybe... the last.",Horror,Stream,38.197,5.857,https://image.tmdb.org/t/p/w500/nnyjtBfUYA8ASHA9OhADrX0sMNQ.jpg
The Final Destination,A horrifying premonition saves a young man and his friends from death during a racetrack accident but terrible fates await them nonetheless.,"Horror, Mystery",The Final Destination,38.1662,5.613,https://image.tmdb.org/t/p/w500/5vxXrr1MqGsT4NNeRITpfDnl4Rq.jpg
Gunslingers,"When the most wanted man in America surfaces in a small Kentucky town, his violent history -- and a blood-thirsty mob seeking vengeance and a king’s ransom -- soon follow. As brothers face off against one another and bullets tear the town to shreds, this lightning-fast gunslinger makes his enemies pay the ultimate price for their greed.","Western, Action",Gunslingers,38.1397,6.453,https://image.tmdb.org/t/p/w500/O7REXWPANWXvX2jhQydHjAq2DV.jpg
Final Destination 3,"High school senior Wendy's premonition of a deadly rollercoaster ride saves her life and a lucky few, but not from death itself — which seeks out those who escaped their fate.","Horror, Mystery",Final Destination 3,37.8757,6.125,https://image.tmdb.org/t/p/w500/p7ARuNKUGPGvkBiDtIDvAzYzonX.jpg
Hollywood Dream,"Anya is sent under a contract to Los Angeles to work in a modeling agency. Waking up after a party, she finds a bloody knife in her hands. She is suspected of a crime, but unraveling the secrets of the young model will not be easy at all.","Drama, Thriller",Hollywood Dream,37.6454,10.0,https://image.tmdb.org/t/p/w500/f1zXTHhVUvg6QlUJJCoadct1B3r.jpg
Stitch! The Movie,"The continuing adventures of Lilo, a little Hawaiian girl, and Stitch, the galaxy's most-wanted extraterrestrial. Stitch, Pleakley, and Dr. Jumba are all part of the household now, but what Lilo and Stitch don't know is that Dr. Jumba brought his other alien ""experiments"" to Hawaiʻi as well.","Comedy, Adventure, Family, Animation, Science Fiction",Stitch! The Movie,37.506,6.432,https://image.tmdb.org/t/p/w500/flwMGZcOO80lqsnZ6lIwsKja5N.jpg
Counterattack,"When a hostage rescue mission creates a new enemy, Capt. Guerrero and his elite soldiers must face an ambush by a criminal group.","Action, Adventure, Thriller",Counterattack,37.5045,8.329,https://image.tmdb.org/t/p/w500/38I76hGcFY6xB47pjm7pZwkfuAF.jpg
GoodFellas,"The true story of Henry Hill, a half-Irish, half-Sicilian Brooklyn kid who is adopted by neighbourhood gangsters at an early age and climbs the ranks of a Mafia family under the guidance of Jimmy Conway.","Drama, Crime",GoodFellas,37.3004,8.455,https://image.tmdb.org/t/p/w500/aKuFiU82s5ISJpGZp7YkIr3kCUd.jpg
How to Train Your Dragon,"As the son of a Viking leader on the cusp of manhood, shy Hiccup Horrendous Haddock III faces a rite of passage: he must kill a dragon to prove his warrior mettle. But after downing a feared dragon, he realizes that he no longer wants to destroy it, and instead befriends the beast – which he names Toothless – much to the chagrin of his warrior father.","Fantasy, Adventure, Animation, Family",How to Train Your Dragon,37.2969,7.84,https://image.tmdb.org/t/p/w500/ygGmAO60t8GyqUo9xYeYxSZAR3b.jpg
My Fault: London,"18-year-old Noah moves from America to London, with her mother who's recently fallen in love with William, a wealthy British businessman. Noah meets William’s son, bad-boy Nick, and soon discovers there is an attraction between them neither can avoid. As Noah spends the summer adjusting to her new life, her devastating past will catch up with her while falling in love for the first time.","Romance, Drama",My Fault: London,37.2688,7.443,https://image.tmdb.org/t/p/w500/ttN5D6GKOwKWHmCzDGctAvaNMAi.jpg
Interstellar,The adventures of a group of explorers who make use of a newly discovered wormhole to surpass the limitations on human space travel and conquer the vast distances involved in an interstellar voyage.,"Adventure, Drama, Science Fiction",Interstellar,36.7149,8.455,https://image.tmdb.org/t/p/w500/gEU2QniE6E77NI6lCU6MxlNBvIx.jpg
Angels,"Renan says goodbye to Elena and Veronica and leaves for a new great love. However, when he realizes that he is being eaten alive, he decides to run away, counting on his friends to save him from the curse that haunts him.",,Angels,36.4212,0.0,https://image.tmdb.org/t/p/w500/uOzkKlxyZhTcxFqYUJzKEF8bDqM.jpg
My Dead Friend Zoe,"Merit, a U.S. Army veteran suffering from PTSD, is repeatedly tortured by visions of her deceased friend and company buddy Zoe. After her Afghanistan service in 2016, she attends group therapy until Dale, her grandfather and former Lieutenant Colonel, is recently diagnosed with Alzheimer's. Merit steps up to his aide, and discovers more about herself and her family, while also gaining the courage to put her metaphorical demons to rest.","Comedy, War, Drama",My Dead Friend Zoe,36.3983,6.432,https://image.tmdb.org/t/p/w500/bRoDBpwGU5UW03hQMExN2l92Q93.jpg
Titanic,"101-year-old Rose DeWitt Bukater tells the story of her life aboard the Titanic, 84 years later. A young Rose boards the ship with her mother and fiancé. Meanwhile, Jack Dawson and Fabrizio De Rossi win third-class tickets aboard the ship. Rose tells the whole story from Titanic's departure through to its death—on its first and last voyage—on April 15, 1912.","Drama, Romance",Titanic,36.1016,7.9,https://image.tmdb.org/t/p/w500/9xjZS2rlVxm8SFx8kPC3aIGCOYQ.jpg
Memoir of a Snail,"Forcibly separated from her twin brother when they are orphaned, a melancholic misfit learns how to find confidence within herself amid the clutter of misfortunes and everyday life.","Animation, Drama, Comedy",Memoir of a Snail,34.2252,8.083,https://image.tmdb.org/t/p/w500/woaN8CbloH0akyX0E72ayxlJAB4.jpg
Alien: Romulus,"While scavenging the deep ends of a derelict space station, a group of young space colonizers come face to face with the most terrifying life form in the universe.","Horror, Science Fiction",Alien: Romulus,35.7219,7.196,https://image.tmdb.org/t/p/w500/b33nnKl1GSFbao4l3fZDDqsMx0F.jpg
Skin. Like. Sun.,"Real-life young couple Wim and Floor spend an afternoon in the sunwashed rooms of a crumbling home in Belgium. In a unique twist, this artistic erotic documentary is edited in nearly real-time. In the slowness, we get the build, the sweetness, and the sexiness. Forget about fingersnapping fast editing. Slow is where it’s at.",Romance,Skin. Like. Sun.,34.3977,5.832,https://image.tmdb.org/t/p/w500/uCkANtG6ezb7hjRKVudY3PUcbvn.jpg
Shadow Force,"Kyrah and Isaac were once the leaders of a multinational special forces group called Shadow Force. They broke the rules by falling in love, and in order to protect their son, they go underground. With a large bounty on their heads, and the vengeful Shadow Force hot on their trail, one family's fight becomes all-out war.","Action, Thriller, Drama",Shadow Force,180.6509,5.933,https://image.tmdb.org/t/p/w500/uX6FaNE86a4Xnf1mFFEryvjqB1D.jpg
The Phoenician Scheme,The story of a family and a family business.,"Adventure, Comedy",The Phoenician Scheme,36.7468,6.801,https://image.tmdb.org/t/p/w500/aHjpixSOn166tZLWRdIvHWDPu6y.jpg
Drop,"Violet, a widowed mother on her first date in years, arrives at an upscale restaurant where she is relieved that her date, Henry, is more charming and handsome than she expected. But their chemistry begins to curdle as Violet begins being irritated and then terrorized by a series of anonymous drops to her phone.","Mystery, Thriller",Drop,30.8929,6.489,https://image.tmdb.org/t/p/w500/dS2S5lpfgRIRQOb7LDCjNsQqKjp.jpg
Another Simple Favor,"Stephanie and Emily reunite on the beautiful island of Capri, Italy for Emily's extravagant wedding to a rich Italian businessman. Along with the glamorous guests, expect murder and betrayal to RSVP for a wedding with more twists and turns than the road from the Marina Grande to the Capri town square.","Comedy, Thriller, Crime",Another Simple Favor,31.8671,5.913,https://image.tmdb.org/t/p/w500/zboCGZ4aIqPMd7VFI4HWnmc7KYJ.jpg
Blade Runner 2049,"Thirty years after the events of the first film, a new blade runner, LAPD Officer K, unearths a long-buried secret that has the potential to plunge what's left of society into chaos. K's discovery leads him on a quest to find Rick Deckard, a former LAPD blade runner who has been missing for 30 years.","Science Fiction, Drama",Blade Runner 2049,32.0689,7.581,https://image.tmdb.org/t/p/w500/gajva2L0rPYkEWjzgFlBXCAVBE5.jpg
Fight or Flight,A mercenary takes on the job of tracking down a target on a plane but must protect her when they're surrounded by people trying to kill both of them.,"Action, Comedy, Thriller",Fight or Flight,33.0959,5.929,https://image.tmdb.org/t/p/w500/dNyzZaMDS5hmOzWHFgNlgRRPDB0.jpg
The Conjuring,"Paranormal investigators Ed and Lorraine Warren work to help a family terrorized by a dark presence in their farmhouse. Forced to confront a powerful entity, the Warrens find themselves caught in the most terrifying case of their lives.","Horror, Thriller",The Conjuring,30.7857,7.54,https://image.tmdb.org/t/p/w500/wVYREutTvI2tmxr6ujrHT704wGF.jpg
Claudia,"Eager to escape her high-society life among the English Elite, a woman falls in love with a young musician. Her husband, however has other plans for her.",Drama,Claudia,35.5933,0.0,https://image.tmdb.org/t/p/w500/d8NYTygRU6ztSuvCdx6VoM5qQpF.jpg
Companion,"During a weekend getaway at a secluded lakeside estate, a group of friends finds themselves entangled in a web of secrets, deception, and advanced technology. As tensions rise and loyalties are tested, they uncover unsettling truths about themselves and the world around them.","Horror, Thriller, Science Fiction",Companion,33.0111,7.071,https://image.tmdb.org/t/p/w500/oCoTgC3UyWGfyQ9thE10ulWR7bn.jpg
Peter Pan's Neverland Nightmare,"Wendy Darling strikes out in an attempt to rescue her brother Michael from the clutches of the evil Peter Pan who intends to send him to Neverland. Along the way she meets a twisted Tinkerbell, who is hooked on what she thinks is fairy dust.","Horror, Thriller, Fantasy",Peter Pan's Neverland Nightmare,32.0577,5.62,https://image.tmdb.org/t/p/w500/mOR1Ks0EcXocwMV4EPv4letz0F5.jpg
The Shawshank Redemption,"Imprisoned in the 1940s for the double murder of his wife and her lover, upstanding banker Andy Dufresne begins a new life at the Shawshank prison, where he puts his accounting skills to work for an amoral warden. During his long stretch in prison, Dufresne comes to be admired by the other inmates -- including an older prisoner named Red -- for his integrity and unquenchable sense of hope.","Drama, Crime",The Shawshank Redemption,31.2546,8.71,https://image.tmdb.org/t/p/w500/9cqNxx0GxF0bflZmeSMuL5tnGzr.jpg
Summer of 69,"In an effort to land the guy she's been pining after since grade school, Abby hires a local stripper named Santa Monica to teach her everything she needs to know about confidence and sex.","Comedy, Drama",Summer of 69,30.0015,6.306,https://image.tmdb.org/t/p/w500/xBmsHHLwvwI29oyFE48fKAnSQyk.jpg
Mission: Impossible - Fallout,"When an IMF mission ends badly, the world is faced with dire consequences. As Ethan Hunt takes it upon himself to fulfill his original briefing, the CIA begin to question his loyalty and his motives. The IMF team find themselves in a race against time, hunted by assassins while trying to prevent a global catastrophe.","Action, Adventure",Mission: Impossible - Fallout,36.3202,7.439,https://image.tmdb.org/t/p/w500/AkJQpZp9WoNdj7pLYSj1L0RcMMN.jpg
Cleaner,"When a group of radical activists take over an energy company's annual gala, seizing 300 hostages, an ex-soldier turned window cleaner suspended 50 storeys up on the outside of the building must save those trapped inside, including her younger brother.","Action, Thriller",Cleaner,30.7513,6.549,https://image.tmdb.org/t/p/w500/mwzDApMZAGeYCEVjhegKvCzDX0W.jpg
Plankton: The Movie,Plankton's tangled love story with his sentient computer wife goes sideways when she takes a stand — and decides to destroy the world without him.,"Animation, Adventure, Comedy, Family, Fantasy",Plankton: The Movie,31.3495,6.797,https://image.tmdb.org/t/p/w500/hGaUNLF5VZbg9ovPTyjm9Rv5xWz.jpg
Carjackers,"By day, they're invisible—valets, hostesses, and bartenders at a luxury hotel. By night, they're the Carjackers, a crew of skilled drivers who track and rob wealthy clients on the road. As they plan their ultimate heist, the hotel director hires a ruthless hitman, to stop them at all costs. With danger closing in, can Nora, Zoe, Steve, and Prestance pull off their biggest score yet?","Action, Adventure",Carjackers,30.5135,6.078,https://image.tmdb.org/t/p/w500/wbkPMTz2vVai7Ujyp0ag7AM9SrO.jpg
"The Chronicles of Narnia: The Lion, the Witch and the Wardrobe","Siblings Lucy, Edmund, Susan and Peter step through a magical wardrobe and find the land of Narnia. There, they discover a charming, once peaceful kingdom that has been plunged into eternal winter by the evil White Witch, Jadis. Aided by the wise and magnificent lion, Aslan, the children lead Narnia into a spectacular, climactic battle to be free of the Witch's glacial powers forever.","Adventure, Family, Fantasy","The Chronicles of Narnia: The Lion, the Witch and the Wardrobe",32.5372,7.132,https://image.tmdb.org/t/p/w500/iREd0rNCjYdf5Ar0vfaW32yrkm.jpg
"The Chronicles of Narnia: The Lion, the Witch and the Wardrobe","Siblings Lucy, Edmund, Susan and Peter step through a magical wardrobe and find the land of Narnia. There, they discover a charming, once peaceful kingdom that has been plunged into eternal winter by the evil White Witch, Jadis. Aided by the wise and magnificent lion, Aslan, the children lead Narnia into a spectacular, climactic battle to be free of the Witch's glacial powers forever.","Adventure, Family, Fantasy","The Chronicles of Narnia: The Lion, the Witch and the Wardrobe",32.5372,7.132,https://image.tmdb.org/t/p/w500/iREd0rNCjYdf5Ar0vfaW32yrkm.jpg
"Miraculous World: London, At the Edge of Time","To save the future from a terrible fate, Marinette becomes Chronobug and teams up with Bunnyx to defeat a mysterious opponent who travels through time. Who is this new supervillain, and why are they obsessed with exposing Marinette's secret superhero identity? Marinette's only hope is to defeat her new opponent to prevent the end of Ladybug and time itself!","Animation, Adventure, Action, Fantasy","Miraculous World: London, At the Edge of Time",31.0896,7.3,https://image.tmdb.org/t/p/w500/6AtoMpHvs9pxd30KsyK8QmJ9W9M.jpg
Oppenheimer,The story of J. Robert Oppenheimer's role in the development of the atomic bomb during World War II.,"Drama, History",Oppenheimer,35.6254,8.057,https://image.tmdb.org/t/p/w500/8Gxv8gSFCU0XGDykEGv7zR1n2ua.jpg
Red One,"After Santa Claus (codename: Red One) is kidnapped, the North Pole's Head of Security must team up with the world's most infamous tracker in a globe-trotting, action-packed mission to save Christmas.","Action, Comedy, Fantasy",Red One,32.0277,7.047,https://image.tmdb.org/t/p/w500/cdqLnri3NEGcmfnqwk2TSIYtddg.jpg
Lamb,"An Icelandic couple live with their herd of sheep on a beautiful but remote farm. When they discover a mysterious newborn on their land, they decide to keep it and raise it as their own. This unexpected development and the prospects of a new family brings them much joy before ultimately destroying them.","Drama, Fantasy, Horror",Lamb,35.1871,6.4,https://image.tmdb.org/t/p/w500/gP9yviboTGWGolqUZKIB1UkF1C2.jpg
Jurassic World Rebirth,"Five years after the events of Jurassic World Dominion, covert operations expert Zora Bennett is contracted to lead a skilled team on a top-secret mission to secure genetic material from the world's three most massive dinosaurs. When Zora's operation intersects with a civilian family whose boating expedition was capsized, they all find themselves stranded on an island where they come face-to-face with a sinister, shocking discovery that's been hidden from the world for decades.","Science Fiction, Adventure, Action",Jurassic World Rebirth,33.5436,0.0,https://image.tmdb.org/t/p/w500/3PFe8tqaqMeoqBXoz3CK8gKAeKr.jpg
The Heart Knows,"After a heart transplant, Manuel feels a personality shift and explores his donor's life, leading him to meet the widowed Vale and her community.","Romance, Drama",The Heart Knows,34.5099,6.4,https://image.tmdb.org/t/p/w500/vd96uk9eTTu3shHtP9rGQAfRGgm.jpg
John Wick: Chapter 4,"With the price on his head ever increasing, John Wick uncovers a path to defeating The High Table. But before he can earn his freedom, Wick must face off against a new enemy with powerful alliances across the globe and forces that turn old friends into foes.","Action, Thriller, Crime",John Wick: Chapter 4,32.9559,7.723,https://image.tmdb.org/t/p/w500/vZloFAK7NmvMGKE7VkF5UHaz0I.jpg
Bad Boys: Ride or Die,"After their late former Captain is framed, Lowrey and Burnett try to clear his name, only to end up on the run themselves.","Action, Comedy, Crime, Thriller, Adventure",Bad Boys: Ride or Die,32.7226,7.377,https://image.tmdb.org/t/p/w500/oGythE98MYleE6mZlGs5oBGkux1.jpg
Pleasure,"19 year old Linnéa leaves her small town in Sweden and heads for Los Angeles with the aim of becoming the world's next big porn star, but the road to her goal turns out to be bumpier than she imagined.",Drama,Pleasure,31.9195,6.3,https://image.tmdb.org/t/p/w500/TcOsu6iO5prSJbDn9oIQgIW655.jpg
The Super Mario Bros. Movie,"While working underground to fix a water main, Brooklyn plumbers—and brothers—Mario and Luigi are transported down a mysterious pipe and wander into a magical new world. But when the brothers are separated, Mario embarks on an epic quest to find Luigi.","Family, Comedy, Adventure, Animation",The Super Mario Bros. Movie,32.8967,7.621,https://image.tmdb.org/t/p/w500/qNBAXBIQlnOThrVvA6mA2B5ggV6.jpg
From the Shadows,"When Dr. Joseph Cawl and members of his Hidden Wisdom cult die in a mysterious fire, survivors contact a paranormal expert to find the truth. What they discover makes them the next target of a deranged killer.","Thriller, Science Fiction, Horror",From the Shadows,27.1072,4.5,https://image.tmdb.org/t/p/w500/22aFuf6UnDaGP9G5CLfF92Cj1nf.jpg
Locked,"When Eddie breaks into a luxury SUV, he steps into a deadly trap set by William, a self-proclaimed vigilante delivering his own brand of twisted justice. With no means of escape, Eddie must fight to survive in a ride where escape is an illusion, survival is a nightmare, and justice shifts into high gear.","Thriller, Horror",Locked,30.9937,6.3,https://image.tmdb.org/t/p/w500/hhkiqXpfpufwxVrdSftzeKIANl3.jpg
365 Days: This Day,"Laura and Massimo are back and hotter than ever. But the reunited couple's new beginning is complicated by Massimo’s family ties and a mysterious man who enters Laura’s life to win her heart and trust, at any cost.","Romance, Drama",365 Days: This Day,32.1053,5.902,https://image.tmdb.org/t/p/w500/iLmG3HCXVyqXYbFvUO1rfOeGa3Z.jpg
Apocalypse Z: The Beginning of the End,"When a kind of rabies that transforms people into aggressive creatures spreads across the planet, Manel isolates himself at home with his cat, relying on his wits to survive; but soon they must go out in search of food, by land and by sea, dodging many dangers.","Drama, Action, Horror",Apocalypse Z: The Beginning of the End,30.3007,6.731,https://image.tmdb.org/t/p/w500/wIGJnIFQlESkC2rLpfA8EDHqk4g.jpg
The Codes of War,"War stories about family, ethics and honor include the true story of two U.S. Marines who in a span of six seconds, must stand their ground to stop a suicide truck bomb, a Navy Corpsman who attempts to hold on to his humanity, and a WW2 soldier who gets separated from his squad and is forced to re-evaluate his code.","Action, War",The Codes of War,28.707,6.1,https://image.tmdb.org/t/p/w500/oXeiQAfRK90pxxhP5iKPXQqAIN1.jpg
Alarum,"Two married spies caught in the crosshairs of an international intelligence network will stop at nothing to obtain a critical asset. Joe and Lara are agents living off the grid whose quiet retreat at a winter resort is blown to shreds when members of the old guard suspect the two may have joined an elite team of rogue spies, known as Alarum.","Action, Crime, Thriller",Alarum,28.5944,5.814,https://image.tmdb.org/t/p/w500/v313aUGmMNj6yNveaiQXysBmjVS.jpg
Coraline,"Wandering her rambling old house in her boring new town, 11-year-old Coraline discovers a hidden door to a strangely idealized version of her life. In order to stay in the fantasy, she must make a frighteningly real sacrifice.","Animation, Family, Fantasy",Coraline,30.1231,7.894,https://image.tmdb.org/t/p/w500/4jeFXQYytChdZYE9JYO7Un87IlW.jpg
Bad Influence,An ex-con gets a fresh start when hired to protect a wealthy heiress from a stalker — but their chemistry is hard to resist as they grow closer.,"Thriller, Drama, Romance",Bad Influence,29.8894,5.663,https://image.tmdb.org/t/p/w500/ghhooCOqQDqC6vhS1SVN2tCE0k8.jpg
The Low Land,"Carmen, a well-known writer on her fifties, has returned a year ago to a farmhouse in the small town where she was born, in Bajo Aragón (Teruel, Spain). Her vital crisis is complicated when Eduardo, a film producer with whom she had a love affair twenty years ago reappears in her life.","Romance, Drama",The Low Land,23.935,6.0,https://image.tmdb.org/t/p/w500/m28I4KLQVRmw5F4n5s7lfVdrFkk.jpg
Fast X,"Over many missions and against impossible odds, Dom Toretto and his family have outsmarted, out-nerved and outdriven every foe in their path. Now, they confront the most lethal opponent they've ever faced: A terrifying threat emerging from the shadows of the past who's fueled by blood revenge, and who is determined to shatter this family and destroy everything—and everyone—that Dom loves, forever.","Action, Crime, Thriller, Adventure, Mystery",Fast X,30.7696,7.04,https://image.tmdb.org/t/p/w500/fiVW06jE7z9YnO4trhaMEdclSiC.jpg
Wild Awakening,"Toni and Emma are brother and sister who owns a stable farm. Ramon and his son, Aaron works for them. Toni is openly gay and loves to party, Emma has a crush on Aaron who is a closeted gay who is afraid that his father might find out, but his father also has a secret.","Drama, Romance, Thriller",Wild Awakening,31.5286,5.5,https://image.tmdb.org/t/p/w500/jD9MILmkIeBBoFJbOjHAaCQ3sEA.jpg
"I, the Executioner","The veteran detective Seo Do-cheol and his team at Major Crimes, relentless in their pursuit of criminals, join forces with rookie cop Park Sun-woo to track down a serial killer who has plunged the nation into turmoil.","Action, Crime","I, the Executioner",28.8244,6.9,https://image.tmdb.org/t/p/w500/gAtP0usArK5gVOBObnsENKLwML8.jpg
Spider-Man: No Way Home,"Peter Parker is unmasked and no longer able to separate his normal life from the high-stakes of being a super-hero. When he asks for help from Doctor Strange the stakes become even more dangerous, forcing him to discover what it truly means to be Spider-Man.","Action, Adventure, Science Fiction",Spider-Man: No Way Home,32.3808,7.945,https://image.tmdb.org/t/p/w500/1g0dhYtq4irTY1GPXvft6k4YLjm.jpg
Batman Ninja vs. Yakuza League,"The Batman family has returned to the present to discover that Japan has disappeared, and a giant island - Hinomoto - is now in the sky over Gotham City.  At the top sit the Yakuza, a group of superpowered individuals who reign without honor or humanity and look suspiciously like the Justice League. Now, it’s up to Batman and his allies to save Gotham!","Animation, Action",Batman Ninja vs. Yakuza League,30.4612,6.706,https://image.tmdb.org/t/p/w500/sVVT6GYFErVv0Lcc9NvqCu0iOxO.jpg
Shrek,"It ain't easy bein' green -- especially if you're a likable (albeit smelly) ogre named Shrek. On a mission to retrieve a gorgeous princess from the clutches of a fire-breathing dragon, Shrek teams up with an unlikely compatriot -- a wisecracking donkey.","Animation, Comedy, Fantasy, Adventure, Family",Shrek,32.5713,7.752,https://image.tmdb.org/t/p/w500/iB64vpL3dIObOtMZgX3RqdVdQDc.jpg
Wicked,"In the land of Oz, ostracized and misunderstood green-skinned Elphaba is forced to share a room with the popular aristocrat Glinda at Shiz University, and the two's unlikely friendship is tested as they begin to fulfill their respective destinies as Glinda the Good and the Wicked Witch of the West.","Drama, Romance, Fantasy",Wicked,29.2948,6.9,https://image.tmdb.org/t/p/w500/xDGbZ0JJ3mYaGKy4Nzd9Kph6M9L.jpg
The Hangover,"When three friends finally come to after a raucous night of bachelor-party revelry, they find a baby in the closet and a tiger in the bathroom. But they can't seem to locate their best friend, Doug – who's supposed to be tying the knot. Launching a frantic search for Doug, the trio perseveres through a nasty hangover to try to make it to the church on time.",Comedy,The Hangover,28.2039,7.324,https://image.tmdb.org/t/p/w500/A0uS9rHR56FeBtpjVki16M5xxSW.jpg
Nobody,"Hutch Mansell, a suburban dad, overlooked husband, nothing neighbor — a ""nobody."" When two thieves break into his home one night, Hutch's unknown long-simmering rage is ignited and propels him on a brutal path that will uncover dark secrets he fought to leave behind.","Action, Thriller",Nobody,26.967,7.925,https://image.tmdb.org/t/p/w500/oBgWY00bEFeZ9N25wWVyuQddbAo.jpg
La mitad de Ana,"Son confesses to his mother, Ana, that he does not feel like a girl; he is a boy. Confused and blocked, Ana will decide to stop in order to observe and understand him and, in the same way, to understand herself. Ana and Son are two sides of the same coin: a mother who does not take care of herself, of her own identity, and a boy in search of his identity with all his strength.",Drama,La mitad de Ana,28.1612,6.778,https://image.tmdb.org/t/p/w500/c24RWnJzwAtWZ039o9u6K7c8jyw.jpg
How to Train Your Dragon 2,"Five years have passed since Hiccup and Toothless united the dragons and Vikings of Berk. Now, they spend their time charting unmapped territories. During one of their adventures, the pair discover a secret cave that houses hundreds of wild dragons -- and a mysterious dragon rider. Hiccup and Toothless find themselves at the center of a battle to protect Berk from a power-hungry warrior.","Fantasy, Action, Adventure, Animation, Comedy, Family",How to Train Your Dragon 2,32.409,7.673,https://image.tmdb.org/t/p/w500/d13Uj86LdbDLrfDoHR5aDOFYyJC.jpg
Top Gun: Maverick,"After more than thirty years of service as one of the Navy’s top aviators, and dodging the advancement in rank that would ground him, Pete “Maverick” Mitchell finds himself training a detachment of TOP GUN graduates for a specialized mission the likes of which no living pilot has ever seen.","Action, Drama",Top Gun: Maverick,27.2755,8.176,https://image.tmdb.org/t/p/w500/62HCnUTziyWcpDaBO2i1DX17ljH.jpg
Soul to Squeeze,"Jacob's got problems-deep, mental ones. Desperate for relief, he volunteers for a radical treatment to escape his tortured mind. But instead of peace, he finds himself trapped in a house with a tunnel to his subconscious. What begins as a path to healing becomes a harrowing descent where memory fractures, time distorts, and reality bends. A first-of-its-kind cinematic experience, Soul to Squeeze begins in a boxy 4:3 aspect ratio and ever so slowly widens to a full 2.35:1 by the final frame-mirroring Jacob's expanding perception as he risks everything for redemption. Visually daring and emotionally raw, Soul to Squeeze merges body with mind, taking audiences on a perilous journey through the psyche.","Thriller, Drama, Science Fiction",Soul to Squeeze,23.6803,4.7,https://image.tmdb.org/t/p/w500/bBJGmU0ORhmo0liy7c3MdI8qOMU.jpg
Spider-Man: Across the Spider-Verse,"After reuniting with Gwen Stacy, Brooklyn’s full-time, friendly neighborhood Spider-Man is catapulted across the Multiverse, where he encounters the Spider Society, a team of Spider-People charged with protecting the Multiverse’s very existence. But when the heroes clash on how to handle a new threat, Miles finds himself pitted against the other Spiders and must set out on his own to save those he loves most.","Animation, Action, Adventure, Science Fiction",Spider-Man: Across the Spider-Verse,31.5994,8.344,https://image.tmdb.org/t/p/w500/8Vt6mWEReuy4Of61Lnj5Xj704m8.jpg
Elevation,A single father and two women venture from the safety of their homes to face monstrous creatures to save the life of a young boy.,"Action, Science Fiction, Thriller",Elevation,28.5157,6.483,https://image.tmdb.org/t/p/w500/tnfc0NJ3BzhJrGJhkkEd6MHBdq5.jpg
HIT: The Third Case,The Homicide Intervention Team (HIT) sends ruthless police officer Arjun Sarkaar to find a group of killers and stop their grisly murder spree.,"Crime, Thriller, Action",HIT: The Third Case,26.2917,7.9,https://image.tmdb.org/t/p/w500/wT9tGyFol4RBwkjESXUWeBdnLJn.jpg
The Karate Kid,"12-year-old Dre Parker could've been the most popular kid in Detroit, but his mother's latest career move has landed him in China. Dre immediately falls for his classmate Mei Ying but the cultural differences make such a friendship impossible. Even worse, Dre's feelings make him an enemy of the class bully, Cheng. With no friends in a strange land, Dre has nowhere to turn but maintenance man Mr. Han, who is a kung fu master. As Han teaches Dre that kung fu is not about punches and parries, but maturity and calm, Dre realizes that facing down the bullies will be the fight of his life.","Action, Adventure, Drama, Family",The Karate Kid,28.2194,6.556,https://image.tmdb.org/t/p/w500/b1RBy3l297N0c7PHjlz35cClWju.jpg
The Accountant,"As a math savant uncooks the books for a new client, the Treasury Department closes in on his activities and the body count starts to rise.","Crime, Thriller, Drama",The Accountant,28.6378,7.112,https://image.tmdb.org/t/p/w500/fceheXB5fC4WrLVuWJ6OZv9FXYr.jpg
Avengers: Endgame,"After the devastating events of Avengers: Infinity War, the universe is in ruins due to the efforts of the Mad Titan, Thanos. With the help of remaining allies, the Avengers must assemble once more in order to undo Thanos' actions and restore order to the universe once and for all, no matter what consequences may be in store.","Adventure, Science Fiction, Action",Avengers: Endgame,27.3006,8.2,https://image.tmdb.org/t/p/w500/ulzhLuWrPK07P1YkdWQLZnQh1JL.jpg
Barbie,"Barbie and Ken are having the time of their lives in the colorful and seemingly perfect world of Barbie Land. However, when they get a chance to go to the real world, they soon discover the joys and perils of living among humans.","Comedy, Adventure",Barbie,26.5034,6.971,https://image.tmdb.org/t/p/w500/iuFNMS8U5cb6xfzi51Dbkovj7vM.jpg
Harry Potter and the Chamber of Secrets,"Cars fly, trees fight back, and a mysterious house-elf comes to warn Harry Potter at the start of his second year at Hogwarts. Adventure and danger await when bloody writing on a wall announces: The Chamber Of Secrets Has Been Opened. To save Hogwarts will require all of Harry, Ron and Hermione’s magical abilities and courage.","Adventure, Fantasy",Harry Potter and the Chamber of Secrets,29.5914,7.708,https://image.tmdb.org/t/p/w500/sdEOH0992YZ0QSxgXNIGLq1ToUi.jpg
The Dark Knight,"Batman raises the stakes in his war on crime. With the help of Lt. Jim Gordon and District Attorney Harvey Dent, Batman sets out to dismantle the remaining criminal organizations that plague the streets. The partnership proves to be effective, but they soon find themselves prey to a reign of chaos unleashed by a rising criminal mastermind known to the terrified citizens of Gotham as the Joker.","Drama, Action, Crime, Thriller",The Dark Knight,26.6326,8.52,https://image.tmdb.org/t/p/w500/qJ2tW6WMUDux911r6m7haRef0WH.jpg
Mission: Impossible - Ghost Protocol,"Ethan Hunt and his team are racing against time to track down a dangerous terrorist named Hendricks, who has gained access to Russian nuclear launch codes and is planning a strike on the United States. An attempt to stop him ends in an explosion causing severe destruction to the Kremlin and the IMF to be implicated in the bombing, forcing the President to disavow them. No longer being aided by the government, Ethan and his team chase Hendricks around the globe, although they might still be too late to stop a disaster.","Action, Thriller, Adventure",Mission: Impossible - Ghost Protocol,29.2568,7.099,https://image.tmdb.org/t/p/w500/eRZTGx7GsiKqPch96k27LK005ZL.jpg
Cry of Silence,"Cry of Silence, is about a double kidnapping, and assault that is presented as an Action Packed ,Dramatic, Thriller that will keep you riveted.","Thriller, Drama, Action",Cry of Silence,23.4486,5.6,https://image.tmdb.org/t/p/w500/dsUimI4VI1SCI1t8jS7ZwBwt1DW.jpg
Harry Potter and the Prisoner of Azkaban,"Year three at Hogwarts means new fun and challenges as Harry learns the delicate art of approaching a Hippogriff, transforming shape-shifting Boggarts into hilarity and even turning back time. But the term also brings danger: soul-sucking Dementors hover over the school, an ally of the accursed He-Who-Cannot-Be-Named lurks within the castle walls, and fearsome wizard Sirius Black escapes Azkaban. And Harry will confront them all.","Adventure, Fantasy",Harry Potter and the Prisoner of Azkaban,30.4425,8.011,https://image.tmdb.org/t/p/w500/aWxwnYoe8p2d2fcxOqtvAtJ72Rw.jpg
Fight Club,"A ticking-time-bomb insomniac and a slippery soap salesman channel primal male aggression into a shocking new form of therapy. Their concept catches on, with underground ""fight clubs"" forming in every town, until an eccentric gets in the way and ignites an out-of-control spiral toward oblivion.",Drama,Fight Club,31.6015,8.437,https://image.tmdb.org/t/p/w500/pB8BM7pdSp6B6Ih7QZ4DrQ3PmJK.jpg
Wonder Woman,An Amazon princess comes to the world of Man in the grips of the First World War to confront the forces of evil and bring an end to human conflict.,"Action, Adventure, Fantasy",Wonder Woman,29.8752,7.217,https://image.tmdb.org/t/p/w500/v4ncgZjG2Zu8ZW5al1vIZTsSjqX.jpg
Harry Potter and the Goblet of Fire,"When Harry Potter's name emerges from the Goblet of Fire, he becomes a competitor in a grueling battle for glory among three wizarding schools—the Triwizard Tournament. But since Harry never submitted his name for the Tournament, who did? Now Harry must confront a deadly dragon, fierce water demons and an enchanted maze only to find himself in the cruel grasp of He Who Must Not Be Named.","Adventure, Fantasy",Harry Potter and the Goblet of Fire,28.5832,7.801,https://image.tmdb.org/t/p/w500/fECBtHlr0RB3foNHDiCBXeg9Bv9.jpg
The Amateur,"After his life is turned upside down when his wife is killed in a London terrorist attack, a brilliant but introverted CIA decoder takes matters into his own hands when his supervisors refuse to take action.","Thriller, Action",The Amateur,24.9131,6.645,https://image.tmdb.org/t/p/w500/2grhfMw97MGbat6aH4lFSUnVDFE.jpg
The Matrix,"Set in the 22nd century, The Matrix tells the story of a computer hacker who joins a group of underground insurgents fighting the vast and powerful computers who now rule the earth.","Action, Science Fiction",The Matrix,28.0233,8.226,https://image.tmdb.org/t/p/w500/dXNAPwY7VrqMAo51EKhhCJfaGb5.jpg
The Maze Runner,"Set in a post-apocalyptic world, young Thomas is deposited in a community of boys after his memory is erased, soon learning they're all trapped in a maze that will require him to join forces with fellow “runners” for a shot at escape.","Action, Mystery, Science Fiction, Thriller",The Maze Runner,28.342,7.191,https://image.tmdb.org/t/p/w500/ode14q7WtDugFDp78fo9lCsmay9.jpg
Marked Men: Rule + Shaw,"Shaw Landon has loved Rule Archer from the moment she laid eyes on him. Rule, a fiery-tempered rebel tattoo artist, doesn’t have time for a good girl pre-med student like Shaw — even if she’s the only one who can see the person he truly is. She lives by other people’s rules; he makes his own. But a short skirt, too many birthday cocktails, and spilled secrets lead to a night neither can forget. Now, Shaw and Rule must figure out how a girl like her and a guy like him are supposed to be together without destroying their love…or each other.","Romance, Drama",Marked Men: Rule + Shaw,24.8553,6.589,https://image.tmdb.org/t/p/w500/gZQU8BtCH2IbMZq6QETiU4HXQSR.jpg
Dune: Part Two,"Follow the mythic journey of Paul Atreides as he unites with Chani and the Fremen while on a path of revenge against the conspirators who destroyed his family. Facing a choice between the love of his life and the fate of the known universe, Paul endeavors to prevent a terrible future only he can foresee.","Science Fiction, Adventure",Dune: Part Two,27.3972,8.146,https://image.tmdb.org/t/p/w500/czembW0Rk1Ke7lCJGahbOhdCuhV.jpg
Cosmic Chaos,"Battles in virtual reality, survival in a post-apocalyptic wasteland, a Soviet spaceship giving a distress signal - Fantastic stories created with advanced special effects and passion.","Thriller, Science Fiction",Cosmic Chaos,21.9265,5.958,https://image.tmdb.org/t/p/w500/mClzWv7gBqgXfjZXp49Enyoex1v.jpg
Puss in Boots: The Last Wish,"Puss in Boots discovers that his passion for adventure has taken its toll: He has burned through eight of his nine lives, leaving him with only one life left. Puss sets out on an epic journey to find the mythical Last Wish and restore his nine lives.","Animation, Adventure, Fantasy, Comedy, Family",Puss in Boots: The Last Wish,23.9671,8.216,https://image.tmdb.org/t/p/w500/aV1KGO9X3S4kzqEptVDAvGjccql.jpg
The Social Network,"In 2003, Harvard undergrad and computer programmer Mark Zuckerberg begins work on a new concept that eventually turns into the global social network known as Facebook. Six years later, Mark is one of the youngest billionaires ever, but his unprecedented success leads to both personal and legal complications when he ends up on the receiving end of two lawsuits, one involving his former friend.",Drama,The Social Network,24.6819,7.369,https://image.tmdb.org/t/p/w500/n0ybibhJtQ5icDqTp8eRytcIHJx.jpg
Smile 2,"About to embark on a new world tour, global pop sensation Skye Riley begins experiencing increasingly terrifying and inexplicable events. Overwhelmed by the escalating horrors and the pressures of fame, Skye is forced to face her dark past to regain control of her life before it spirals out of control.","Horror, Mystery",Smile 2,23.3945,6.588,https://image.tmdb.org/t/p/w500/ht8Uv9QPv9y7K0RvUyJIaXOZTfd.jpg
Nonnas,"After losing his beloved mother, a man risks everything to honor her by opening an Italian restaurant with actual nonnas — grandmothers — as the chefs.",Comedy,Nonnas,25.3263,6.851,https://image.tmdb.org/t/p/w500/5Bf1xlxLuCHdi74MpdFi2Yz3FGJ.jpg
Godzilla x Kong: The New Empire,"Following their explosive showdown, Godzilla and Kong must reunite against a colossal undiscovered threat hidden within our world, challenging their very existence – and our own.","Action, Adventure, Science Fiction",Godzilla x Kong: The New Empire,27.1854,7.089,https://image.tmdb.org/t/p/w500/z1p34vh7dEOnLDmyCrlUVLuoDzd.jpg
Oshi no Ko -The Final Act-,"Goro is a gynecologist and idol fan who’s in shock after his favorite star, Ai, announces an impromptu hiatus. Little does Goro realize that he’s about to forge a bond with her that defies all common sense! Lies are an idol’s weapon!","Drama, Music, Fantasy",Oshi no Ko -The Final Act-,27.8663,6.7,https://image.tmdb.org/t/p/w500/zEHdxq1cFaR7cC4AnGeeAG18FeT.jpg
